<!DOCTYPE html>
<html>
<head>
<meta http-equiv="Content-Type" content="text/html; charset=utf-8">

  <title>CONTRIBUTORS - The Go Programming Language</title>

<link type="text/css" rel="stylesheet" href="/lib/godoc/style.css">

<link rel="search" type="application/opensearchdescription+xml" title="godoc" href="/opensearch.xml" />

<link rel="stylesheet" href="/lib/godoc/jquery.treeview.css">
<script type="text/javascript">window.initFuncs = [];</script>
<script type="text/javascript">
var _gaq = _gaq || [];
_gaq.push(["_setAccount", "UA-11222381-2"]);
_gaq.push(["b._setAccount", "UA-49880327-6"]);
window.trackPageview = function() {
  _gaq.push(["_trackPageview", location.pathname+location.hash]);
  _gaq.push(["b._trackPageview", location.pathname+location.hash]);
};
window.trackPageview();
</script>
</head>
<body>

<div id='lowframe' style="position: fixed; bottom: 0; left: 0; height: 0; width: 100%; border-top: thin solid grey; background-color: white; overflow: auto;">
...
</div><!-- #lowframe -->

<div id="topbar" class="wide"><div class="container">

<form method="GET" action="/search">
<div id="menu">
<a href="/doc/">Documents</a>
<a href="/pkg/">Packages</a>
<a href="/project/">The Project</a>
<a href="/help/">Help</a>
<a href="/blog/">Blog</a>

<a id="playgroundButton" href="http://play.golang.org/" title="Show Go Playground">Play</a>

<input type="text" id="search" name="q" class="inactive" value="Search" placeholder="Search">
</div>
<div id="heading"><a href="/">The Go Programming Language</a></div>
</form>

</div></div>


<div id="playground" class="play">
	<div class="input"><textarea class="code">package main

import "fmt"

func main() {
	fmt.Println("Hello, 世界")
}</textarea></div>
	<div class="output"></div>
	<div class="buttons">
		<a class="run" title="Run this code [shift-enter]">Run</a>
		<a class="fmt" title="Format this code">Format</a>
		<a class="share" title="Share this code">Share</a>
	</div>
</div>


<div id="page" class="wide">
<div class="container">


  <h1>Text file CONTRIBUTORS</h1>




<div id="nav"></div>


<pre><span id="L1" class="ln">     1</span>	# This is the official list of people who can contribute
<span id="L2" class="ln">     2</span>	# (and typically have contributed) code to the Go repository.
<span id="L3" class="ln">     3</span>	# The AUTHORS file lists the copyright holders; this file
<span id="L4" class="ln">     4</span>	# lists people.  For example, Google employees are listed here
<span id="L5" class="ln">     5</span>	# but not in AUTHORS, because Google holds the copyright.
<span id="L6" class="ln">     6</span>	#
<span id="L7" class="ln">     7</span>	# The submission process automatically checks to make sure
<span id="L8" class="ln">     8</span>	# that people submitting code are listed in this file (by email address).
<span id="L9" class="ln">     9</span>	#
<span id="L10" class="ln">    10</span>	# Names should be added to this file only after verifying that
<span id="L11" class="ln">    11</span>	# the individual or the individual&#39;s organization has agreed to
<span id="L12" class="ln">    12</span>	# the appropriate Contributor License Agreement, found here:
<span id="L13" class="ln">    13</span>	#
<span id="L14" class="ln">    14</span>	#     http://code.google.com/legal/individual-cla-v1.0.html
<span id="L15" class="ln">    15</span>	#     http://code.google.com/legal/corporate-cla-v1.0.html
<span id="L16" class="ln">    16</span>	#
<span id="L17" class="ln">    17</span>	# The agreement for individuals can be filled out on the web.
<span id="L18" class="ln">    18</span>	#
<span id="L19" class="ln">    19</span>	# When adding J Random Contributor&#39;s name to this file,
<span id="L20" class="ln">    20</span>	# either J&#39;s name or J&#39;s organization&#39;s name should be
<span id="L21" class="ln">    21</span>	# added to the AUTHORS file, depending on whether the
<span id="L22" class="ln">    22</span>	# individual or corporate CLA was used.
<span id="L23" class="ln">    23</span>	
<span id="L24" class="ln">    24</span>	# Names should be added to this file like so:
<span id="L25" class="ln">    25</span>	#     Name &lt;email address&gt;
<span id="L26" class="ln">    26</span>	#
<span id="L27" class="ln">    27</span>	# An entry with two email addresses specifies that the
<span id="L28" class="ln">    28</span>	# first address should be used in the submit logs and
<span id="L29" class="ln">    29</span>	# that the second address should be recognized as the
<span id="L30" class="ln">    30</span>	# same person when interacting with Rietveld.
<span id="L31" class="ln">    31</span>	
<span id="L32" class="ln">    32</span>	# Please keep the list sorted.
<span id="L33" class="ln">    33</span>	
<span id="L34" class="ln">    34</span>	Aaron France &lt;aaron.l.france@gmail.com&gt;
<span id="L35" class="ln">    35</span>	Aaron Kemp &lt;kemp.aaron@gmail.com&gt;
<span id="L36" class="ln">    36</span>	Abhinav Gupta &lt;abhinav.g90@gmail.com&gt;
<span id="L37" class="ln">    37</span>	Adam Langley &lt;agl@golang.org&gt;
<span id="L38" class="ln">    38</span>	Adrian Nos &lt;nos.adrian@gmail.com&gt;
<span id="L39" class="ln">    39</span>	Adrian O&#39;Grady &lt;elpollouk@gmail.com&gt;
<span id="L40" class="ln">    40</span>	Adrien Bustany &lt;adrien-xx-google@bustany.org&gt;
<span id="L41" class="ln">    41</span>	Ahmed Waheed Moanes &lt;oneofone@gmail.com&gt;
<span id="L42" class="ln">    42</span>	Akshat Kumar &lt;seed@mail.nanosouffle.net&gt;
<span id="L43" class="ln">    43</span>	Alan Donovan &lt;adonovan@google.com&gt;
<span id="L44" class="ln">    44</span>	Alan Shreve &lt;alan@inconshreveable.com&gt;
<span id="L45" class="ln">    45</span>	Albert Strasheim &lt;fullung@gmail.com&gt;
<span id="L46" class="ln">    46</span>	Alberto Donizetti &lt;alb.donizetti@gmail.com&gt;
<span id="L47" class="ln">    47</span>	Alberto García Hierro &lt;alberto@garciahierro.com&gt; &lt;alberto.garcia.hierro@gmail.com&gt;
<span id="L48" class="ln">    48</span>	Aleksandar Dezelin &lt;dezelin@gmail.com&gt;
<span id="L49" class="ln">    49</span>	Alex A Skinner &lt;alex@lx.lc&gt;
<span id="L50" class="ln">    50</span>	Alex Brainman &lt;alex.brainman@gmail.com&gt;
<span id="L51" class="ln">    51</span>	Alex Bramley &lt;abramley@google.com&gt;
<span id="L52" class="ln">    52</span>	Alex Jin &lt;toalexjin@gmail.com&gt;
<span id="L53" class="ln">    53</span>	Alexander Larsson &lt;alexander.larsson@gmail.com&gt;
<span id="L54" class="ln">    54</span>	Alexander Orlov &lt;alexander.orlov@loxal.net&gt;
<span id="L55" class="ln">    55</span>	Alexander Reece &lt;awreece@gmail.com&gt;
<span id="L56" class="ln">    56</span>	Alexander Surma &lt;surma@surmair.de&gt;
<span id="L57" class="ln">    57</span>	Alexander Zhavnerchik &lt;alex.vizor@gmail.com&gt;
<span id="L58" class="ln">    58</span>	Alexandre Normand &lt;alexandre.normand@gmail.com&gt;
<span id="L59" class="ln">    59</span>	Alexandru Moșoi &lt;brtzsnr@gmail.com&gt;
<span id="L60" class="ln">    60</span>	Alexei Sholik &lt;alcosholik@gmail.com&gt;
<span id="L61" class="ln">    61</span>	Alexey Borzenkov &lt;snaury@gmail.com&gt;
<span id="L62" class="ln">    62</span>	Alexey Palazhchenko &lt;alexey.palazhchenko@gmail.com&gt;
<span id="L63" class="ln">    63</span>	Alexis Imperial-Legrand &lt;ail@google.com&gt;
<span id="L64" class="ln">    64</span>	Amir Mohammad Saied &lt;amir@gluegadget.com&gt;
<span id="L65" class="ln">    65</span>	Amrut Joshi &lt;amrut.joshi@gmail.com&gt;
<span id="L66" class="ln">    66</span>	Andrea Spadaccini &lt;spadaccio@google.com&gt;
<span id="L67" class="ln">    67</span>	Andreas Jellinghaus &lt;andreas@ionisiert.de&gt; &lt;anj@google.com&gt;
<span id="L68" class="ln">    68</span>	Andrei Vieru &lt;euvieru@gmail.com&gt;
<span id="L69" class="ln">    69</span>	Andres Erbsen &lt;andreser@google.com&gt;
<span id="L70" class="ln">    70</span>	Andrew Balholm &lt;andybalholm@gmail.com&gt;
<span id="L71" class="ln">    71</span>	Andrew Bonventre &lt;andybons@chromium.org&gt;
<span id="L72" class="ln">    72</span>	Andrew Bursavich &lt;abursavich@gmail.com&gt;
<span id="L73" class="ln">    73</span>	Andrew Gerrand &lt;adg@golang.org&gt;
<span id="L74" class="ln">    74</span>	Andrew Harding &lt;andrew@spacemonkey.com&gt;
<span id="L75" class="ln">    75</span>	Andrew Lutomirski &lt;andy@luto.us&gt;
<span id="L76" class="ln">    76</span>	Andrew Pritchard &lt;awpritchard@gmail.com&gt;
<span id="L77" class="ln">    77</span>	Andrew Radev &lt;andrey.radev@gmail.com&gt;
<span id="L78" class="ln">    78</span>	Andrew Skiba &lt;skibaa@gmail.com&gt;
<span id="L79" class="ln">    79</span>	Andrew Szeto &lt;andrew@jabagawee.com&gt;
<span id="L80" class="ln">    80</span>	Andrew Wilkins &lt;axwalk@gmail.com&gt;
<span id="L81" class="ln">    81</span>	Andrey Mirtchovski &lt;mirtchovski@gmail.com&gt;
<span id="L82" class="ln">    82</span>	Andriy Lytvynov &lt;lytvynov.a.v@gmail.com&gt;
<span id="L83" class="ln">    83</span>	Andy Davis &lt;andy@bigandian.com&gt;
<span id="L84" class="ln">    84</span>	Anfernee Yongkun Gui &lt;anfernee.gui@gmail.com&gt;
<span id="L85" class="ln">    85</span>	Anh Hai Trinh &lt;anh.hai.trinh@gmail.com&gt;
<span id="L86" class="ln">    86</span>	Anschel Schaffer-Cohen &lt;anschelsc@gmail.com&gt;
<span id="L87" class="ln">    87</span>	Anthony Eufemio &lt;anthony.eufemio@gmail.com&gt;
<span id="L88" class="ln">    88</span>	Anthony Martin &lt;ality@pbrane.org&gt;
<span id="L89" class="ln">    89</span>	Anthony Starks &lt;ajstarks@gmail.com&gt;
<span id="L90" class="ln">    90</span>	Apisak Darakananda &lt;pongad@gmail.com&gt;
<span id="L91" class="ln">    91</span>	Aram Hăvărneanu &lt;aram@mgk.ro&gt;
<span id="L92" class="ln">    92</span>	Arnaud Ysmal &lt;arnaud.ysmal@gmail.com&gt;
<span id="L93" class="ln">    93</span>	Arne Hormann &lt;arnehormann@gmail.com&gt;
<span id="L94" class="ln">    94</span>	Aron Nopanen &lt;aron.nopanen@gmail.com&gt;
<span id="L95" class="ln">    95</span>	Arvindh Rajesh Tamilmani &lt;art@a-30.net&gt;
<span id="L96" class="ln">    96</span>	Asim Shankar &lt;asimshankar@gmail.com&gt;
<span id="L97" class="ln">    97</span>	Ato Araki &lt;ato.araki@gmail.com&gt;
<span id="L98" class="ln">    98</span>	Aulus Egnatius Varialus &lt;varialus@gmail.com&gt;
<span id="L99" class="ln">    99</span>	Austin Clements &lt;austin@google.com&gt; &lt;aclements@csail.mit.edu&gt;
<span id="L100" class="ln">   100</span>	Balazs Lecz &lt;leczb@google.com&gt;
<span id="L101" class="ln">   101</span>	Ben Eitzen &lt;eitzenb@golang.org&gt;
<span id="L102" class="ln">   102</span>	Ben Fried &lt;ben.fried@gmail.com&gt;
<span id="L103" class="ln">   103</span>	Ben Lynn &lt;benlynn@gmail.com&gt;
<span id="L104" class="ln">   104</span>	Ben Olive &lt;sionide21@gmail.com&gt;
<span id="L105" class="ln">   105</span>	Benjamin Black &lt;b@b3k.us&gt;
<span id="L106" class="ln">   106</span>	Benny Siegert &lt;bsiegert@gmail.com&gt;
<span id="L107" class="ln">   107</span>	Benoit Sigoure &lt;tsunanet@gmail.com&gt;
<span id="L108" class="ln">   108</span>	Berengar Lehr &lt;Berengar.Lehr@gmx.de&gt;
<span id="L109" class="ln">   109</span>	Bill Neubauer &lt;wcn@golang.org&gt; &lt;wcn@google.com&gt; &lt;bill.neubauer@gmail.com&gt;
<span id="L110" class="ln">   110</span>	Bill Thiede &lt;couchmoney@gmail.com&gt;
<span id="L111" class="ln">   111</span>	Billie Harold Cleek &lt;bhcleek@gmail.com&gt;
<span id="L112" class="ln">   112</span>	Bjorn Tillenius &lt;bjorn@tillenius.me&gt;
<span id="L113" class="ln">   113</span>	Bjorn Tipling &lt;bjorn.tipling@gmail.com&gt;
<span id="L114" class="ln">   114</span>	Blake Mizerany &lt;blake.mizerany@gmail.com&gt;
<span id="L115" class="ln">   115</span>	Bobby Powers &lt;bobbypowers@gmail.com&gt;
<span id="L116" class="ln">   116</span>	Brad Fitzpatrick &lt;bradfitz@golang.org&gt; &lt;bradfitz@gmail.com&gt;
<span id="L117" class="ln">   117</span>	Brad Garcia &lt;bgarcia@golang.org&gt;
<span id="L118" class="ln">   118</span>	Brendan Daniel Tracey &lt;tracey.brendan@gmail.com&gt;
<span id="L119" class="ln">   119</span>	Brendan O&#39;Dea &lt;bod@golang.org&gt;
<span id="L120" class="ln">   120</span>	Brian Dellisanti &lt;briandellisanti@gmail.com&gt;
<span id="L121" class="ln">   121</span>	Brian G. Merrell &lt;bgmerrell@gmail.com&gt;
<span id="L122" class="ln">   122</span>	Brian Gitonga Marete &lt;marete@toshnix.com&gt;
<span id="L123" class="ln">   123</span>	Brian Ketelsen &lt;bketelsen@gmail.com&gt;
<span id="L124" class="ln">   124</span>	Brian Slesinsky &lt;skybrian@google.com&gt;
<span id="L125" class="ln">   125</span>	Burcu Dogan &lt;jbd@google.com&gt;
<span id="L126" class="ln">   126</span>	Caine Tighe &lt;arctanofyourface@gmail.com&gt;
<span id="L127" class="ln">   127</span>	Caleb Spare &lt;cespare@gmail.com&gt;
<span id="L128" class="ln">   128</span>	Carl Chatfield &lt;carlchatfield@gmail.com&gt;
<span id="L129" class="ln">   129</span>	Carl Mastrangelo &lt;notcarl@google.com&gt;
<span id="L130" class="ln">   130</span>	Carl Shapiro &lt;cshapiro@google.com&gt; &lt;cshapiro@golang.org&gt;
<span id="L131" class="ln">   131</span>	Carlos Castillo &lt;cookieo9@gmail.com&gt;
<span id="L132" class="ln">   132</span>	Cary Hull &lt;chull@google.com&gt;
<span id="L133" class="ln">   133</span>	Case Nelson &lt;case.nelson@gmail.com&gt;
<span id="L134" class="ln">   134</span>	Casey Marshall &lt;casey.marshall@gmail.com&gt;
<span id="L135" class="ln">   135</span>	Catalin Patulea &lt;catalinp@google.com&gt;
<span id="L136" class="ln">   136</span>	Cezar Sá Espinola &lt;cezarsa@gmail.com&gt;
<span id="L137" class="ln">   137</span>	ChaiShushan &lt;chaishushan@gmail.com&gt;
<span id="L138" class="ln">   138</span>	Charles L. Dorian &lt;cldorian@gmail.com&gt;
<span id="L139" class="ln">   139</span>	Charles Lee &lt;zombie.fml@gmail.com&gt;
<span id="L140" class="ln">   140</span>	Chris Dollin &lt;ehog.hedge@gmail.com&gt;
<span id="L141" class="ln">   141</span>	Chris Farmiloe &lt;chrisfarms@gmail.com&gt;
<span id="L142" class="ln">   142</span>	Chris Howey &lt;howeyc@gmail.com&gt;
<span id="L143" class="ln">   143</span>	Chris Hundt &lt;hundt@google.com&gt;
<span id="L144" class="ln">   144</span>	Chris Jones &lt;chris@cjones.org&gt; &lt;chris.jones.yar@gmail.com&gt;
<span id="L145" class="ln">   145</span>	Chris Lennert &lt;calennert@gmail.com&gt;
<span id="L146" class="ln">   146</span>	Chris Manghane &lt;cmang@golang.org&gt;
<span id="L147" class="ln">   147</span>	Chris McGee &lt;sirnewton_01@yahoo.ca&gt; &lt;newton688@gmail.com&gt;
<span id="L148" class="ln">   148</span>	Christian Himpel &lt;chressie@googlemail.com&gt; &lt;chressie@gmail.com&gt;
<span id="L149" class="ln">   149</span>	Christine Hansmann &lt;chhansmann@gmail.com&gt;
<span id="L150" class="ln">   150</span>	Christoffer Buchholz &lt;christoffer.buchholz@gmail.com&gt;
<span id="L151" class="ln">   151</span>	Christoph Hack &lt;christoph@tux21b.org&gt;
<span id="L152" class="ln">   152</span>	Christopher Cahoon &lt;chris.cahoon@gmail.com&gt;
<span id="L153" class="ln">   153</span>	Christopher Nielsen &lt;m4dh4tt3r@gmail.com&gt;
<span id="L154" class="ln">   154</span>	Christopher Redden &lt;christopher.redden@gmail.com&gt;
<span id="L155" class="ln">   155</span>	Christopher Swenson &lt;cswenson@google.com&gt;
<span id="L156" class="ln">   156</span>	Christopher Wedgwood &lt;cw@f00f.org&gt;
<span id="L157" class="ln">   157</span>	Clement Skau &lt;clementskau@gmail.com&gt;
<span id="L158" class="ln">   158</span>	Colby Ranger &lt;cranger@google.com&gt;
<span id="L159" class="ln">   159</span>	Conrad Meyer &lt;cemeyer@cs.washington.edu&gt;
<span id="L160" class="ln">   160</span>	Corey Thomasson &lt;cthom.lists@gmail.com&gt;
<span id="L161" class="ln">   161</span>	Cosmos Nicolaou &lt;cnicolaou@google.com&gt;
<span id="L162" class="ln">   162</span>	Cristian Staretu &lt;unclejacksons@gmail.com&gt;
<span id="L163" class="ln">   163</span>	Damian Gryski &lt;dgryski@gmail.com&gt;
<span id="L164" class="ln">   164</span>	Damien Neil &lt;dneil@google.com&gt;
<span id="L165" class="ln">   165</span>	Dan Callahan &lt;dan.callahan@gmail.com&gt;
<span id="L166" class="ln">   166</span>	Dan Peterson &lt;dpiddy@gmail.com&gt;
<span id="L167" class="ln">   167</span>	Dan Sinclair &lt;dan.sinclair@gmail.com&gt;
<span id="L168" class="ln">   168</span>	Daniel Fleischman &lt;danielfleischman@gmail.com&gt;
<span id="L169" class="ln">   169</span>	Daniel Krech &lt;eikeon@eikeon.com&gt;
<span id="L170" class="ln">   170</span>	Daniel Lidén &lt;daniel.liden.87@gmail.com&gt;
<span id="L171" class="ln">   171</span>	Daniel Morsing &lt;daniel.morsing@gmail.com&gt;
<span id="L172" class="ln">   172</span>	Daniel Nadasi &lt;dnadasi@google.com&gt;
<span id="L173" class="ln">   173</span>	Daniel Theophanes &lt;kardianos@gmail.com&gt;
<span id="L174" class="ln">   174</span>	Darren Elwood &lt;darren@textnode.com&gt;
<span id="L175" class="ln">   175</span>	Dave Borowitz &lt;dborowitz@google.com&gt;
<span id="L176" class="ln">   176</span>	Dave Cheney &lt;dave@cheney.net&gt;
<span id="L177" class="ln">   177</span>	Dave Day &lt;djd@golang.org&gt;
<span id="L178" class="ln">   178</span>	Dave Grijalva &lt;dgrijalva@ngmoco.com&gt;
<span id="L179" class="ln">   179</span>	David Anderson &lt;danderson@google.com&gt;
<span id="L180" class="ln">   180</span>	David Barnett &lt;dbarnett@google.com&gt;
<span id="L181" class="ln">   181</span>	David Bürgin &lt;676c7473@gmail.com&gt;
<span id="L182" class="ln">   182</span>	David Calavera &lt;david.calavera@gmail.com&gt;
<span id="L183" class="ln">   183</span>	David Covert &lt;davidhcovert@gmail.com&gt;
<span id="L184" class="ln">   184</span>	David Crawshaw &lt;david.crawshaw@zentus.com&gt; &lt;crawshaw@google.com&gt; &lt;crawshaw@golang.org&gt;
<span id="L185" class="ln">   185</span>	David du Colombier &lt;0intro@gmail.com&gt;
<span id="L186" class="ln">   186</span>	David Forsythe &lt;dforsythe@gmail.com&gt;
<span id="L187" class="ln">   187</span>	David G. Andersen &lt;dave.andersen@gmail.com&gt;
<span id="L188" class="ln">   188</span>	David Jakob Fritz &lt;david.jakob.fritz@gmail.com&gt;
<span id="L189" class="ln">   189</span>	David Leon Gil &lt;coruus@gmail.com&gt;
<span id="L190" class="ln">   190</span>	David McLeish &lt;davemc@google.com&gt;
<span id="L191" class="ln">   191</span>	David Presotto &lt;presotto@gmail.com&gt;
<span id="L192" class="ln">   192</span>	David Symonds &lt;dsymonds@golang.org&gt;
<span id="L193" class="ln">   193</span>	David Thomas &lt;davidthomas426@gmail.com&gt;
<span id="L194" class="ln">   194</span>	David Titarenco &lt;david.titarenco@gmail.com&gt;
<span id="L195" class="ln">   195</span>	Dean Prichard &lt;dean.prichard@gmail.com&gt;
<span id="L196" class="ln">   196</span>	Denis Brandolini &lt;denis.brandolini@gmail.com&gt;
<span id="L197" class="ln">   197</span>	Derek Parker &lt;parkerderek86@gmail.com&gt;
<span id="L198" class="ln">   198</span>	Devon H. O&#39;Dell &lt;devon.odell@gmail.com&gt;
<span id="L199" class="ln">   199</span>	Dhiru Kholia &lt;dhiru.kholia@gmail.com&gt;
<span id="L200" class="ln">   200</span>	Dimitri Tcaciuc &lt;dtcaciuc@gmail.com&gt;
<span id="L201" class="ln">   201</span>	Dmitri Shuralyov &lt;shurcooL@gmail.com&gt;
<span id="L202" class="ln">   202</span>	Dmitriy Shelenin &lt;deemok@googlemail.com&gt; &lt;deemok@gmail.com&gt;
<span id="L203" class="ln">   203</span>	Dmitriy Vyukov &lt;dvyukov@google.com&gt;
<span id="L204" class="ln">   204</span>	Dmitry Chestnykh &lt;dchest@gmail.com&gt;
<span id="L205" class="ln">   205</span>	Dominik Honnef &lt;dominik.honnef@gmail.com&gt;
<span id="L206" class="ln">   206</span>	Donovan Hide &lt;donovanhide@gmail.com&gt;
<span id="L207" class="ln">   207</span>	Drew Hintz &lt;adhintz@google.com&gt;
<span id="L208" class="ln">   208</span>	Duncan Holm &lt;mail@frou.org&gt;
<span id="L209" class="ln">   209</span>	Dustin Long &lt;dustmop@gmail.com&gt;
<span id="L210" class="ln">   210</span>	Dustin Sallings &lt;dsallings@gmail.com&gt;
<span id="L211" class="ln">   211</span>	Dustin Shields-Cloues &lt;dcloues@gmail.com&gt;
<span id="L212" class="ln">   212</span>	Eden Li &lt;eden.li@gmail.com&gt;
<span id="L213" class="ln">   213</span>	Egon Elbre &lt;egonelbre@gmail.com&gt;
<span id="L214" class="ln">   214</span>	Ehren Kret &lt;ehren.kret@gmail.com&gt;
<span id="L215" class="ln">   215</span>	Eivind Uggedal &lt;eivind@uggedal.com&gt;
<span id="L216" class="ln">   216</span>	Elias Naur &lt;elias.naur@gmail.com&gt;
<span id="L217" class="ln">   217</span>	Emil Hessman &lt;c.emil.hessman@gmail.com&gt; &lt;emil@hessman.se&gt;
<span id="L218" class="ln">   218</span>	Eoghan Sherry &lt;ejsherry@gmail.com&gt;
<span id="L219" class="ln">   219</span>	Eric Clark &lt;zerohp@gmail.com&gt;
<span id="L220" class="ln">   220</span>	Eric Milliken &lt;emilliken@gmail.com&gt;
<span id="L221" class="ln">   221</span>	Eric Roshan-Eisner &lt;eric.d.eisner@gmail.com&gt;
<span id="L222" class="ln">   222</span>	Erik St. Martin &lt;alakriti@gmail.com&gt;
<span id="L223" class="ln">   223</span>	Erik Westrup &lt;erik.westrup@gmail.com&gt;
<span id="L224" class="ln">   224</span>	Esko Luontola &lt;esko.luontola@gmail.com&gt;
<span id="L225" class="ln">   225</span>	Evan Kroske &lt;evankroske@google.com&gt;
<span id="L226" class="ln">   226</span>	Evan Martin &lt;evan.martin@gmail.com&gt;
<span id="L227" class="ln">   227</span>	Evan Shaw &lt;chickencha@gmail.com&gt;
<span id="L228" class="ln">   228</span>	Ewan Chou &lt;coocood@gmail.com&gt;
<span id="L229" class="ln">   229</span>	Fabrizio Milo &lt;mistobaan@gmail.com&gt;
<span id="L230" class="ln">   230</span>	Fan Hongjian &lt;fan.howard@gmail.com&gt;
<span id="L231" class="ln">   231</span>	Fatih Arslan &lt;fatih@arslan.io&gt;
<span id="L232" class="ln">   232</span>	Fazlul Shahriar &lt;fshahriar@gmail.com&gt;
<span id="L233" class="ln">   233</span>	Felix Geisendörfer &lt;haimuiba@gmail.com&gt;
<span id="L234" class="ln">   234</span>	Firmansyah Adiputra &lt;frm.adiputra@gmail.com&gt;
<span id="L235" class="ln">   235</span>	Florian Uekermann &lt;florian@uekermann-online.de&gt; &lt;f1@uekermann-online.de&gt;
<span id="L236" class="ln">   236</span>	Florian Weimer &lt;fw@deneb.enyo.de&gt;
<span id="L237" class="ln">   237</span>	Folke Behrens &lt;folke@google.com&gt;
<span id="L238" class="ln">   238</span>	Francesc Campoy &lt;campoy@golang.org&gt;
<span id="L239" class="ln">   239</span>	Francisco Souza &lt;franciscossouza@gmail.com&gt;
<span id="L240" class="ln">   240</span>	Frederick Kelly Mayle III &lt;frederickmayle@gmail.com&gt;
<span id="L241" class="ln">   241</span>	Fredrik Enestad &lt;fredrik.enestad@soundtrackyourbrand.com&gt;
<span id="L242" class="ln">   242</span>	Frithjof Schulze &lt;schulze@math.uni-hannover.de&gt; &lt;sfrithjof@gmail.com&gt;
<span id="L243" class="ln">   243</span>	Fumitoshi Ukai &lt;ukai@google.com&gt;
<span id="L244" class="ln">   244</span>	Gaal Yahas &lt;gaal@google.com&gt;
<span id="L245" class="ln">   245</span>	Gabriel Aszalos &lt;gabriel.aszalos@gmail.com&gt;
<span id="L246" class="ln">   246</span>	Gary Burd &lt;gary@beagledreams.com&gt; &lt;gary.burd@gmail.com&gt;
<span id="L247" class="ln">   247</span>	Gautham Thambidorai &lt;gautham.dorai@gmail.com&gt;
<span id="L248" class="ln">   248</span>	Georg Reinke &lt;guelfey@gmail.com&gt;
<span id="L249" class="ln">   249</span>	Gerasimos Dimitriadis &lt;gedimitr@gmail.com&gt;
<span id="L250" class="ln">   250</span>	Gideon Jan-Wessel Redelinghuys &lt;gjredelinghuys@gmail.com&gt;
<span id="L251" class="ln">   251</span>	Giles Lean &lt;giles.lean@pobox.com&gt;
<span id="L252" class="ln">   252</span>	Glenn Lewis &lt;gmlewis@google.com&gt;
<span id="L253" class="ln">   253</span>	Gordon Klaus &lt;gordon.klaus@gmail.com&gt;
<span id="L254" class="ln">   254</span>	Graham King &lt;graham4king@gmail.com&gt;
<span id="L255" class="ln">   255</span>	Graham Miller &lt;graham.miller@gmail.com&gt;
<span id="L256" class="ln">   256</span>	Greg Ward &lt;greg@gerg.ca&gt;
<span id="L257" class="ln">   257</span>	Guillaume J. Charmes &lt;guillaume@charmes.net&gt;
<span id="L258" class="ln">   258</span>	Gustav Paul &lt;gustav.paul@gmail.com&gt;
<span id="L259" class="ln">   259</span>	Gustavo Franco &lt;gustavorfranco@gmail.com&gt;
<span id="L260" class="ln">   260</span>	Gustavo Niemeyer &lt;gustavo@niemeyer.net&gt; &lt;n13m3y3r@gmail.com&gt;
<span id="L261" class="ln">   261</span>	Gwenael Treguier &lt;gwenn.kahz@gmail.com&gt;
<span id="L262" class="ln">   262</span>	Hana Kim &lt;hyangah@gmail.com&gt;
<span id="L263" class="ln">   263</span>	Han-Wen Nienhuys &lt;hanwen@google.com&gt;
<span id="L264" class="ln">   264</span>	Harley Laue &lt;losinggeneration@gmail.com&gt;
<span id="L265" class="ln">   265</span>	Hector Chu &lt;hectorchu@gmail.com&gt;
<span id="L266" class="ln">   266</span>	Hector Martin Cantero &lt;hector@marcansoft.com&gt;
<span id="L267" class="ln">   267</span>	Henning Schmiedehausen &lt;henning@schmiedehausen.org&gt;
<span id="L268" class="ln">   268</span>	Henrik Edwards &lt;henrik.edwards@gmail.com&gt;
<span id="L269" class="ln">   269</span>	Herbert Georg Fischer &lt;herbert.fischer@gmail.com&gt;
<span id="L270" class="ln">   270</span>	Hong Ruiqi &lt;hongruiqi@gmail.com&gt;
<span id="L271" class="ln">   271</span>	Hossein Sheikh Attar &lt;hattar@google.com&gt;
<span id="L272" class="ln">   272</span>	Ian Lance Taylor &lt;iant@golang.org&gt;
<span id="L273" class="ln">   273</span>	Icarus Sparry &lt;golang@icarus.freeuk.com&gt;
<span id="L274" class="ln">   274</span>	Ingo Oeser &lt;nightlyone@googlemail.com&gt; &lt;nightlyone@gmail.com&gt;
<span id="L275" class="ln">   275</span>	Isaac Wagner &lt;ibw@isaacwagner.me&gt;
<span id="L276" class="ln">   276</span>	Ivan Krasin &lt;krasin@golang.org&gt;
<span id="L277" class="ln">   277</span>	Jacob Baskin &lt;jbaskin@google.com&gt;
<span id="L278" class="ln">   278</span>	Jakob Borg &lt;jakob@nym.se&gt;
<span id="L279" class="ln">   279</span>	Jakub Ryszard Czarnowicz &lt;j.czarnowicz@gmail.com&gt;
<span id="L280" class="ln">   280</span>	James Aguilar &lt;jaguilar@google.com&gt;
<span id="L281" class="ln">   281</span>	James David Chalfant &lt;james.chalfant@gmail.com&gt;
<span id="L282" class="ln">   282</span>	James Fysh &lt;james.fysh@gmail.com&gt;
<span id="L283" class="ln">   283</span>	James Gray &lt;james@james4k.com&gt;
<span id="L284" class="ln">   284</span>	James Meneghello &lt;rawrz0r@gmail.com&gt;
<span id="L285" class="ln">   285</span>	James P. Cooper &lt;jamespcooper@gmail.com&gt;
<span id="L286" class="ln">   286</span>	James Robinson &lt;jamesr@google.com&gt; &lt;jamesr.gatech@gmail.com&gt;
<span id="L287" class="ln">   287</span>	James Toy &lt;nil@opensesame.st&gt;
<span id="L288" class="ln">   288</span>	James Tucker &lt;raggi@google.com&gt;
<span id="L289" class="ln">   289</span>	James Whitehead &lt;jnwhiteh@gmail.com&gt;
<span id="L290" class="ln">   290</span>	Jamie Gennis &lt;jgennis@google.com&gt; &lt;jgennis@gmail.com&gt;
<span id="L291" class="ln">   291</span>	Jamie Turner &lt;jamwt@dropbox.com&gt;
<span id="L292" class="ln">   292</span>	Jamie Wilkinson &lt;jaq@spacepants.org&gt;
<span id="L293" class="ln">   293</span>	Jan H. Hosang &lt;jan.hosang@gmail.com&gt;
<span id="L294" class="ln">   294</span>	Jan Mercl &lt;0xjnml@gmail.com&gt;
<span id="L295" class="ln">   295</span>	Jan Mercl &lt;befelemepeseveze@gmail.com&gt;
<span id="L296" class="ln">   296</span>	Jan Newmarch &lt;jan.newmarch@gmail.com&gt;
<span id="L297" class="ln">   297</span>	Jan Ziak &lt;0xe2.0x9a.0x9b@gmail.com&gt;
<span id="L298" class="ln">   298</span>	Jani Monoses &lt;jani.monoses@ubuntu.com&gt; &lt;jani.monoses@gmail.com&gt;
<span id="L299" class="ln">   299</span>	Jaroslavas Počepko &lt;jp@webmaster.ms&gt;
<span id="L300" class="ln">   300</span>	Jason Del Ponte &lt;delpontej@gmail.com&gt;
<span id="L301" class="ln">   301</span>	Jason Travis &lt;infomaniac7@gmail.com&gt;
<span id="L302" class="ln">   302</span>	Jay Weisskopf &lt;jay@jayschwa.net&gt;
<span id="L303" class="ln">   303</span>	Jean-Marc Eurin &lt;jmeurin@google.com&gt;
<span id="L304" class="ln">   304</span>	Jed Denlea &lt;jed@fastly.com&gt;
<span id="L305" class="ln">   305</span>	Jeff Hodges &lt;jeff@somethingsimilar.com&gt;
<span id="L306" class="ln">   306</span>	Jeff R. Allen &lt;jra@nella.org&gt; &lt;jeff.allen@gmail.com&gt;
<span id="L307" class="ln">   307</span>	Jeff Sickel &lt;jas@corpus-callosum.com&gt;
<span id="L308" class="ln">   308</span>	Jeff Wendling &lt;jeff@spacemonkey.com&gt;
<span id="L309" class="ln">   309</span>	Jens Frederich &lt;jfrederich@gmail.com&gt;
<span id="L310" class="ln">   310</span>	Jeremiah Harmsen &lt;jeremiah@google.com&gt;
<span id="L311" class="ln">   311</span>	Jeremy Jackins &lt;jeremyjackins@gmail.com&gt;
<span id="L312" class="ln">   312</span>	Jeremy Schlatter &lt;jeremy.schlatter@gmail.com&gt;
<span id="L313" class="ln">   313</span>	Jim McGrath &lt;jimmc2@gmail.com&gt;
<span id="L314" class="ln">   314</span>	Jimmy Zelinskie &lt;jimmyzelinskie@gmail.com&gt;
<span id="L315" class="ln">   315</span>	Jingcheng Zhang &lt;diogin@gmail.com&gt;
<span id="L316" class="ln">   316</span>	Joakim Sernbrant &lt;serbaut@gmail.com&gt;
<span id="L317" class="ln">   317</span>	Joe Poirier &lt;jdpoirier@gmail.com&gt;
<span id="L318" class="ln">   318</span>	Joe Shaw &lt;joe@joeshaw.org&gt;
<span id="L319" class="ln">   319</span>	Joel Sing &lt;jsing@google.com&gt;
<span id="L320" class="ln">   320</span>	Joel Stemmer &lt;stemmertech@gmail.com&gt;
<span id="L321" class="ln">   321</span>	Johan Euphrosine &lt;proppy@google.com&gt;
<span id="L322" class="ln">   322</span>	John Asmuth &lt;jasmuth@gmail.com&gt;
<span id="L323" class="ln">   323</span>	John Beisley &lt;huin@google.com&gt;
<span id="L324" class="ln">   324</span>	John C Barstow &lt;jbowtie@amathaine.com&gt;
<span id="L325" class="ln">   325</span>	John DeNero &lt;denero@google.com&gt;
<span id="L326" class="ln">   326</span>	John Graham-Cumming &lt;jgc@jgc.org&gt; &lt;jgrahamc@gmail.com&gt;
<span id="L327" class="ln">   327</span>	John Howard Palevich &lt;jack.palevich@gmail.com&gt;
<span id="L328" class="ln">   328</span>	John Newlin &lt;jnewlin@google.com&gt;
<span id="L329" class="ln">   329</span>	John Shahid &lt;jvshahid@gmail.com&gt;
<span id="L330" class="ln">   330</span>	John Tuley &lt;john@tuley.org&gt;
<span id="L331" class="ln">   331</span>	Jonathan Allie &lt;jonallie@google.com&gt;
<span id="L332" class="ln">   332</span>	Jonathan Feinberg &lt;feinberg@google.com&gt;
<span id="L333" class="ln">   333</span>	Jonathan Gold &lt;jgold.bg@gmail.com&gt;
<span id="L334" class="ln">   334</span>	Jonathan Hseu &lt;jhseu@google.com&gt;
<span id="L335" class="ln">   335</span>	Jonathan Mark &lt;jhmark@xenops.com&gt; &lt;jhmark000@gmail.com&gt;
<span id="L336" class="ln">   336</span>	Jonathan Nieder &lt;jrn@google.com&gt;
<span id="L337" class="ln">   337</span>	Jonathan Pittman &lt;jmpittman@google.com&gt; &lt;jonathan.mark.pittman@gmail.com&gt;
<span id="L338" class="ln">   338</span>	Jonathan Rudenberg &lt;jonathan@titanous.com&gt;
<span id="L339" class="ln">   339</span>	Jonathan Wills &lt;runningwild@gmail.com&gt;
<span id="L340" class="ln">   340</span>	Jongmin Kim &lt;atomaths@gmail.com&gt;
<span id="L341" class="ln">   341</span>	Jos Visser &lt;josv@google.com&gt;
<span id="L342" class="ln">   342</span>	Jose Luis Vázquez González &lt;josvazg@gmail.com&gt;
<span id="L343" class="ln">   343</span>	Joseph Bonneau &lt;jcb@google.com&gt;
<span id="L344" class="ln">   344</span>	Joseph Holsten &lt;joseph@josephholsten.com&gt;
<span id="L345" class="ln">   345</span>	Josh Bleecher Snyder &lt;josharian@gmail.com&gt;
<span id="L346" class="ln">   346</span>	Josh Goebel &lt;dreamer3@gmail.com&gt;
<span id="L347" class="ln">   347</span>	Josh Hoak &lt;jhoak@google.com&gt;
<span id="L348" class="ln">   348</span>	Josh Holland &lt;jrh@joshh.co.uk&gt;
<span id="L349" class="ln">   349</span>	Joshua Chase &lt;jcjoshuachase@gmail.com&gt;
<span id="L350" class="ln">   350</span>	JP Sugarbroad &lt;jpsugar@google.com&gt;
<span id="L351" class="ln">   351</span>	JT Olds &lt;jtolds@xnet5.com&gt;
<span id="L352" class="ln">   352</span>	Jukka-Pekka Kekkonen &lt;karatepekka@gmail.com&gt;
<span id="L353" class="ln">   353</span>	Julian Phillips &lt;julian@quantumfyre.co.uk&gt;
<span id="L354" class="ln">   354</span>	Julien Schmidt &lt;google@julienschmidt.com&gt;
<span id="L355" class="ln">   355</span>	Kai Backman &lt;kaib@golang.org&gt;
<span id="L356" class="ln">   356</span>	Kamil Kisiel &lt;kamil@kamilkisiel.net&gt; &lt;kamil.kisiel@gmail.com&gt;
<span id="L357" class="ln">   357</span>	Katrina Owen &lt;katrina.owen@gmail.com&gt;
<span id="L358" class="ln">   358</span>	Kay Zhu &lt;kayzhu@google.com&gt;
<span id="L359" class="ln">   359</span>	Kei Son &lt;hey.calmdown@gmail.com&gt;
<span id="L360" class="ln">   360</span>	Keith Randall &lt;khr@golang.org&gt;
<span id="L361" class="ln">   361</span>	Keith Rarick &lt;kr@xph.us&gt;
<span id="L362" class="ln">   362</span>	Kelsey Hightower &lt;kelsey.hightower@gmail.com&gt;
<span id="L363" class="ln">   363</span>	Kelvin Foo Chuan Lyi &lt;vmirage@gmail.com&gt;
<span id="L364" class="ln">   364</span>	Ken Friedenbach &lt;kenliz@cruzio.com&gt;
<span id="L365" class="ln">   365</span>	Ken Rockot &lt;ken@oz.gs&gt; &lt;ken.rockot@gmail.com&gt;
<span id="L366" class="ln">   366</span>	Ken Thompson &lt;ken@golang.org&gt;
<span id="L367" class="ln">   367</span>	Kevin Ballard &lt;kevin@sb.org&gt;
<span id="L368" class="ln">   368</span>	Kevin Klues &lt;klueska@gmail.com&gt; &lt;klueska@google.com&gt;
<span id="L369" class="ln">   369</span>	Kirklin McDonald &lt;kirklin.mcdonald@gmail.com&gt;
<span id="L370" class="ln">   370</span>	Kyle Consalus &lt;consalus@gmail.com&gt;
<span id="L371" class="ln">   371</span>	Kyle Isom &lt;kyle@gokyle.net&gt;
<span id="L372" class="ln">   372</span>	Kyle Lemons &lt;kyle@kylelemons.net&gt; &lt;kevlar@google.com&gt;
<span id="L373" class="ln">   373</span>	L Campbell &lt;unpantsu@gmail.com&gt;
<span id="L374" class="ln">   374</span>	Lai Jiangshan &lt;eag0628@gmail.com&gt;
<span id="L375" class="ln">   375</span>	Larry Hosken &lt;lahosken@golang.org&gt;
<span id="L376" class="ln">   376</span>	Lorenzo Stoakes &lt;lstoakes@gmail.com&gt;
<span id="L377" class="ln">   377</span>	Louis Kruger &lt;louisk@google.com&gt;
<span id="L378" class="ln">   378</span>	Luca Greco &lt;luca.greco@alcacoop.it&gt;
<span id="L379" class="ln">   379</span>	Lucio De Re &lt;lucio.dere@gmail.com&gt;
<span id="L380" class="ln">   380</span>	Luit van Drongelen &lt;luitvd@gmail.com&gt;
<span id="L381" class="ln">   381</span>	Luka Zakrajšek &lt;tr00.g33k@gmail.com&gt;
<span id="L382" class="ln">   382</span>	Luke Curley &lt;qpingu@gmail.com&gt;
<span id="L383" class="ln">   383</span>	Luuk van Dijk &lt;lvd@golang.org&gt; &lt;lvd@google.com&gt;
<span id="L384" class="ln">   384</span>	Manoj Dayaram &lt;platform-dev@moovweb.com&gt; &lt;manoj.dayaram@moovweb.com&gt;
<span id="L385" class="ln">   385</span>	Manu Garg &lt;manugarg@google.com&gt;
<span id="L386" class="ln">   386</span>	Manuel Mendez &lt;mmendez534@gmail.com&gt;
<span id="L387" class="ln">   387</span>	Marc Weistroff &lt;marc@weistroff.net&gt;
<span id="L388" class="ln">   388</span>	Marcel van Lohuizen &lt;mpvl@golang.org&gt;
<span id="L389" class="ln">   389</span>	Marco Hennings &lt;marco.hennings@freiheit.com&gt;
<span id="L390" class="ln">   390</span>	Mark Theunissen &lt;mark.theunissen@gmail.com&gt;
<span id="L391" class="ln">   391</span>	Mark Zavislak &lt;zavislak@google.com&gt;
<span id="L392" class="ln">   392</span>	Marko Juhani Silokunnas &lt;marko.silokunnas@gmail.com&gt;
<span id="L393" class="ln">   393</span>	Marko Mikulicic &lt;mkm@google.com&gt;
<span id="L394" class="ln">   394</span>	Marko Tiikkaja &lt;marko@joh.to&gt;
<span id="L395" class="ln">   395</span>	Markus Duft &lt;markus.duft@salomon.at&gt;
<span id="L396" class="ln">   396</span>	Markus Sonderegger &lt;marraison@gmail.com&gt;
<span id="L397" class="ln">   397</span>	Markus Zimmermann &lt;zimmski@gmail.com&gt;
<span id="L398" class="ln">   398</span>	Martin Neubauer &lt;m.ne@gmx.net&gt;
<span id="L399" class="ln">   399</span>	Martin Olsson &lt;martin@minimum.se&gt;
<span id="L400" class="ln">   400</span>	Mateusz Czapliński &lt;czapkofan@gmail.com&gt;
<span id="L401" class="ln">   401</span>	Mathieu Lonjaret &lt;mathieu.lonjaret@gmail.com&gt;
<span id="L402" class="ln">   402</span>	Mats Lidell &lt;mats.lidell@cag.se&gt; &lt;mats.lidell@gmail.com&gt;
<span id="L403" class="ln">   403</span>	Matt Aimonetti &lt;mattaimonetti@gmail.com&gt;
<span id="L404" class="ln">   404</span>	Matt Brown &lt;mdbrown@google.com&gt;
<span id="L405" class="ln">   405</span>	Matt Jibson &lt;matt.jibson@gmail.com&gt;
<span id="L406" class="ln">   406</span>	Matt Joiner &lt;anacrolix@gmail.com&gt;
<span id="L407" class="ln">   407</span>	Matt Jones &lt;mrjones@google.com&gt;
<span id="L408" class="ln">   408</span>	Matt Reiferson &lt;mreiferson@gmail.com&gt;
<span id="L409" class="ln">   409</span>	Matthew Cottingham &lt;mattcottingham@gmail.com&gt;
<span id="L410" class="ln">   410</span>	Matthew Dempsky &lt;mdempsky@google.com&gt;
<span id="L411" class="ln">   411</span>	Matthew Horsnell &lt;matthew.horsnell@gmail.com&gt;
<span id="L412" class="ln">   412</span>	Maxim Khitrov &lt;max@mxcrypt.com&gt;
<span id="L413" class="ln">   413</span>	Maxim Pimenov &lt;mpimenov@google.com&gt;
<span id="L414" class="ln">   414</span>	Maxim Ushakov &lt;ushakov@google.com&gt;
<span id="L415" class="ln">   415</span>	Micah Stetson &lt;micah.stetson@gmail.com&gt;
<span id="L416" class="ln">   416</span>	Michael Chaten &lt;mchaten@gmail.com&gt;
<span id="L417" class="ln">   417</span>	Michael Elkins &lt;michael.elkins@gmail.com&gt;
<span id="L418" class="ln">   418</span>	Michael Fraenkel &lt;michael.fraenkel@gmail.com&gt;
<span id="L419" class="ln">   419</span>	Michael Gehring &lt;mg@ebfe.org&gt; &lt;gnirheg.leahcim@gmail.com&gt;
<span id="L420" class="ln">   420</span>	Michael Hoisie &lt;hoisie@gmail.com&gt;
<span id="L421" class="ln">   421</span>	Michael Hudson-Doyle &lt;michael.hudson@linaro.org&gt;
<span id="L422" class="ln">   422</span>	Michael Kelly &lt;mjk@google.com&gt;
<span id="L423" class="ln">   423</span>	Michael Lewis &lt;mikelikespie@gmail.com&gt;
<span id="L424" class="ln">   424</span>	Michael MacInnis &lt;Michael.P.MacInnis@gmail.com&gt;
<span id="L425" class="ln">   425</span>	Michael Matloob &lt;matloob@google.com&gt;
<span id="L426" class="ln">   426</span>	Michael Pearson &lt;mipearson@gmail.com&gt;
<span id="L427" class="ln">   427</span>	Michael Piatek &lt;piatek@google.com&gt;
<span id="L428" class="ln">   428</span>	Michael Shields &lt;mshields@google.com&gt;
<span id="L429" class="ln">   429</span>	Michael Stapelberg &lt;michael@stapelberg.de&gt; &lt;mstplbrg@googlemail.com&gt;
<span id="L430" class="ln">   430</span>	Michael T. Jones &lt;mtj@google.com&gt; &lt;michael.jones@gmail.com&gt;
<span id="L431" class="ln">   431</span>	Michael Teichgräber &lt;mteichgraeber@gmx.de&gt; &lt;mt4swm@googlemail.com&gt;
<span id="L432" class="ln">   432</span>	Michał Derkacz &lt;ziutek@lnet.pl&gt;
<span id="L433" class="ln">   433</span>	Miek Gieben &lt;miek@miek.nl&gt; &lt;remigius.gieben@gmail.com&gt;
<span id="L434" class="ln">   434</span>	Mihai Borobocea &lt;MihaiBorobocea@gmail.com&gt;
<span id="L435" class="ln">   435</span>	Mikael Tillenius &lt;mikti42@gmail.com&gt;
<span id="L436" class="ln">   436</span>	Mike Andrews &lt;mra@xoba.com&gt;
<span id="L437" class="ln">   437</span>	Mike Rosset &lt;mike.rosset@gmail.com&gt;
<span id="L438" class="ln">   438</span>	Mike Samuel &lt;mikesamuel@gmail.com&gt;
<span id="L439" class="ln">   439</span>	Mike Solomon &lt;msolo@gmail.com&gt;
<span id="L440" class="ln">   440</span>	Mikhail Panchenko &lt;m@mihasya.com&gt;
<span id="L441" class="ln">   441</span>	Miki Tebeka &lt;miki.tebeka@gmail.com&gt;
<span id="L442" class="ln">   442</span>	Mikio Hara &lt;mikioh.mikioh@gmail.com&gt;
<span id="L443" class="ln">   443</span>	Mikkel Krautz &lt;mikkel@krautz.dk&gt; &lt;krautz@gmail.com&gt;
<span id="L444" class="ln">   444</span>	Miquel Sabaté Solà &lt;mikisabate@gmail.com&gt;
<span id="L445" class="ln">   445</span>	Moriyoshi Koizumi &lt;mozo@mozo.jp&gt;
<span id="L446" class="ln">   446</span>	Môshe van der Sterre &lt;moshevds@gmail.com&gt;
<span id="L447" class="ln">   447</span>	Mrunal Patel &lt;mrunalp@gmail.com&gt;
<span id="L448" class="ln">   448</span>	Nan Deng &lt;monnand@gmail.com&gt;
<span id="L449" class="ln">   449</span>	Nathan John Youngman &lt;nj@nathany.com&gt;
<span id="L450" class="ln">   450</span>	Nathan P Finch &lt;nate.finch@gmail.com&gt;
<span id="L451" class="ln">   451</span>	Nicholas Katsaros &lt;nick@nickkatsaros.com&gt;
<span id="L452" class="ln">   452</span>	Nicholas Presta &lt;nick@nickpresta.ca&gt; &lt;nick1presta@gmail.com&gt;
<span id="L453" class="ln">   453</span>	Nicholas Sullivan &lt;nicholas.sullivan@gmail.com&gt;
<span id="L454" class="ln">   454</span>	Nicholas Waples &lt;nwaples@gmail.com&gt;
<span id="L455" class="ln">   455</span>	Nick Cooper &lt;nmvc@google.com&gt;
<span id="L456" class="ln">   456</span>	Nick Craig-Wood &lt;nick@craig-wood.com&gt; &lt;nickcw@gmail.com&gt;
<span id="L457" class="ln">   457</span>	Nicolas Kaiser &lt;nikai@nikai.net&gt;
<span id="L458" class="ln">   458</span>	Nicolas Owens &lt;mischief@offblast.org&gt;
<span id="L459" class="ln">   459</span>	Nigel Kerr &lt;nigel.kerr@gmail.com&gt;
<span id="L460" class="ln">   460</span>	Nigel Tao &lt;nigeltao@golang.org&gt;
<span id="L461" class="ln">   461</span>	Noah Campbell &lt;noahcampbell@gmail.com&gt;
<span id="L462" class="ln">   462</span>	Oling Cat &lt;olingcat@gmail.com&gt;
<span id="L463" class="ln">   463</span>	Oliver Hookins &lt;ohookins@gmail.com&gt;
<span id="L464" class="ln">   464</span>	Olivier Antoine &lt;olivier.antoine@gmail.com&gt;
<span id="L465" class="ln">   465</span>	Olivier Duperray &lt;duperray.olivier@gmail.com&gt;
<span id="L466" class="ln">   466</span>	Olivier Saingre &lt;osaingre@gmail.com&gt;
<span id="L467" class="ln">   467</span>	Padraig Kitterick &lt;padraigkitterick@gmail.com&gt;
<span id="L468" class="ln">   468</span>	Paolo Giarrusso &lt;p.giarrusso@gmail.com&gt;
<span id="L469" class="ln">   469</span>	Pascal S. de Kloe &lt;pascal@quies.net&gt;
<span id="L470" class="ln">   470</span>	Patrick Crosby &lt;patrick@stathat.com&gt;
<span id="L471" class="ln">   471</span>	Patrick Gavlin &lt;pgavlin@gmail.com&gt;
<span id="L472" class="ln">   472</span>	Patrick Higgins &lt;patrick.allen.higgins@gmail.com&gt;
<span id="L473" class="ln">   473</span>	Patrick Mézard &lt;patrick@mezard.eu&gt;
<span id="L474" class="ln">   474</span>	Patrick Mylund Nielsen &lt;patrick@patrickmn.com&gt;
<span id="L475" class="ln">   475</span>	Patrick Riley &lt;pfr@google.com&gt;
<span id="L476" class="ln">   476</span>	Patrick Smith &lt;pat42smith@gmail.com&gt;
<span id="L477" class="ln">   477</span>	Paul A Querna &lt;paul.querna@gmail.com&gt;
<span id="L478" class="ln">   478</span>	Paul Borman &lt;borman@google.com&gt;
<span id="L479" class="ln">   479</span>	Paul Chang &lt;paulchang@google.com&gt;
<span id="L480" class="ln">   480</span>	Paul Hammond &lt;paul@paulhammond.org&gt;
<span id="L481" class="ln">   481</span>	Paul Lalonde &lt;paul.a.lalonde@gmail.com&gt;
<span id="L482" class="ln">   482</span>	Paul Nasrat &lt;pnasrat@google.com&gt;
<span id="L483" class="ln">   483</span>	Paul Sbarra &lt;Sbarra.Paul@gmail.com&gt;
<span id="L484" class="ln">   484</span>	Paul van Brouwershaven &lt;paul@vanbrouwershaven.com&gt;
<span id="L485" class="ln">   485</span>	Pavel Zinovkin &lt;pavel.zinovkin@gmail.com&gt;
<span id="L486" class="ln">   486</span>	Pawel Szczur &lt;filemon@google.com&gt;
<span id="L487" class="ln">   487</span>	Percy Wegmann &lt;ox.to.a.cart@gmail.com&gt;
<span id="L488" class="ln">   488</span>	Petar Maymounkov &lt;petarm@gmail.com&gt;
<span id="L489" class="ln">   489</span>	Peter Armitage &lt;peter.armitage@gmail.com&gt;
<span id="L490" class="ln">   490</span>	Peter Collingbourne &lt;pcc@google.com&gt;
<span id="L491" class="ln">   491</span>	Peter Froehlich &lt;peter.hans.froehlich@gmail.com&gt;
<span id="L492" class="ln">   492</span>	Peter Kleiweg &lt;pkleiweg@xs4all.nl&gt;
<span id="L493" class="ln">   493</span>	Peter McKenzie &lt;petermck@google.com&gt;
<span id="L494" class="ln">   494</span>	Peter Mundy &lt;go.peter.90@gmail.com&gt;
<span id="L495" class="ln">   495</span>	Péter Surányi &lt;speter.go1@gmail.com&gt;
<span id="L496" class="ln">   496</span>	Péter Szabó &lt;pts@google.com&gt;
<span id="L497" class="ln">   497</span>	Péter Szilágyi &lt;peterke@gmail.com&gt;
<span id="L498" class="ln">   498</span>	Peter Waller &lt;peter.waller@gmail.com&gt;
<span id="L499" class="ln">   499</span>	Peter Weinberger &lt;pjw@golang.org&gt;
<span id="L500" class="ln">   500</span>	Peter Williams &lt;pwil3058@gmail.com&gt;
<span id="L501" class="ln">   501</span>	Phil Pennock &lt;pdp@golang.org&gt;
<span id="L502" class="ln">   502</span>	Philip K. Warren &lt;pkwarren@gmail.com&gt;
<span id="L503" class="ln">   503</span>	Pieter Droogendijk &lt;pieter@binky.org.uk&gt;
<span id="L504" class="ln">   504</span>	Pietro Gagliardi &lt;pietro10@mac.com&gt;
<span id="L505" class="ln">   505</span>	Preetam Jinka &lt;pj@preet.am&gt;
<span id="L506" class="ln">   506</span>	Quan Yong Zhai &lt;qyzhai@gmail.com&gt;
<span id="L507" class="ln">   507</span>	Raif S. Naffah &lt;go@naffah-raif.name&gt;
<span id="L508" class="ln">   508</span>	Raph Levien &lt;raph@google.com&gt;
<span id="L509" class="ln">   509</span>	Raul Silvera &lt;rsilvera@google.com&gt;
<span id="L510" class="ln">   510</span>	Rémy Oudompheng &lt;oudomphe@phare.normalesup.org&gt; &lt;remyoudompheng@gmail.com&gt;
<span id="L511" class="ln">   511</span>	Richard Crowley &lt;r@rcrowley.org&gt;
<span id="L512" class="ln">   512</span>	Richard Eric Gavaletz &lt;gavaletz@gmail.com&gt;
<span id="L513" class="ln">   513</span>	Richard Musiol &lt;mail@richard-musiol.de&gt; &lt;neelance@gmail.com&gt;
<span id="L514" class="ln">   514</span>	Rick Arnold &lt;rickarnoldjr@gmail.com&gt;
<span id="L515" class="ln">   515</span>	Rick Hudson &lt;rlh@golang.org&gt;
<span id="L516" class="ln">   516</span>	Risto Jaakko Saarelma &lt;rsaarelm@gmail.com&gt;
<span id="L517" class="ln">   517</span>	Rob Pike &lt;r@golang.org&gt;
<span id="L518" class="ln">   518</span>	Robert Daniel Kortschak &lt;dan.kortschak@adelaide.edu.au&gt;
<span id="L519" class="ln">   519</span>	Robert Dinu &lt;r@varp.se&gt;
<span id="L520" class="ln">   520</span>	Robert Figueiredo &lt;robfig@gmail.com&gt;
<span id="L521" class="ln">   521</span>	Robert Griesemer &lt;gri@golang.org&gt;
<span id="L522" class="ln">   522</span>	Robert Hencke &lt;robert.hencke@gmail.com&gt;
<span id="L523" class="ln">   523</span>	Robert Obryk &lt;robryk@gmail.com&gt;
<span id="L524" class="ln">   524</span>	Robert Sesek &lt;rsesek@google.com&gt;
<span id="L525" class="ln">   525</span>	Robert Snedegar &lt;roberts@google.com&gt;
<span id="L526" class="ln">   526</span>	Robin Eklind &lt;r.eklind.87@gmail.com&gt;
<span id="L527" class="ln">   527</span>	Rodrigo Moraes de Oliveira &lt;rodrigo.moraes@gmail.com&gt;
<span id="L528" class="ln">   528</span>	Rodrigo Rafael Monti Kochenburger &lt;divoxx@gmail.com&gt;
<span id="L529" class="ln">   529</span>	Roger Pau Monné &lt;royger@gmail.com&gt;
<span id="L530" class="ln">   530</span>	Roger Peppe &lt;rogpeppe@gmail.com&gt;
<span id="L531" class="ln">   531</span>	Ron Hashimoto &lt;mail@h2so5.net&gt;
<span id="L532" class="ln">   532</span>	Ron Minnich &lt;rminnich@gmail.com&gt;
<span id="L533" class="ln">   533</span>	Ross Light &lt;rlight2@gmail.com&gt;
<span id="L534" class="ln">   534</span>	Rowan Worth &lt;sqweek@gmail.com&gt;
<span id="L535" class="ln">   535</span>	Rui Ueyama &lt;ruiu@google.com&gt;
<span id="L536" class="ln">   536</span>	Russ Cox &lt;rsc@golang.org&gt;
<span id="L537" class="ln">   537</span>	Ryan Barrett &lt;ryanb@google.com&gt;
<span id="L538" class="ln">   538</span>	Ryan Hitchman &lt;hitchmanr@gmail.com&gt;
<span id="L539" class="ln">   539</span>	Ryan Slade &lt;ryanslade@gmail.com&gt;
<span id="L540" class="ln">   540</span>	S.Çağlar Onur &lt;caglar@10ur.org&gt;
<span id="L541" class="ln">   541</span>	Sam Thorogood &lt;thorogood@google.com&gt; &lt;sam.thorogood@gmail.com&gt;
<span id="L542" class="ln">   542</span>	Sameer Ajmani &lt;sameer@golang.org&gt; &lt;ajmani@gmail.com&gt;
<span id="L543" class="ln">   543</span>	Sanjay Menakuru &lt;balasanjay@gmail.com&gt;
<span id="L544" class="ln">   544</span>	Scott Ferguson &lt;scottwferg@gmail.com&gt;
<span id="L545" class="ln">   545</span>	Scott Lawrence &lt;bytbox@gmail.com&gt;
<span id="L546" class="ln">   546</span>	Scott Schwartz &lt;scotts@golang.org&gt;
<span id="L547" class="ln">   547</span>	Sean Burford &lt;sburford@google.com&gt;
<span id="L548" class="ln">   548</span>	Sebastien Binet	&lt;seb.binet@gmail.com&gt;
<span id="L549" class="ln">   549</span>	Sébastien Paolacci &lt;sebastien.paolacci@gmail.com&gt;
<span id="L550" class="ln">   550</span>	Sergei Skorobogatov &lt;skorobo@rambler.ru&gt;
<span id="L551" class="ln">   551</span>	Sergey &#39;SnakE&#39; Gromov &lt;snake.scaly@gmail.com&gt;
<span id="L552" class="ln">   552</span>	Sergio Luis O. B. Correia &lt;sergio@correia.cc&gt;
<span id="L553" class="ln">   553</span>	Shane Hansen &lt;shanemhansen@gmail.com&gt;
<span id="L554" class="ln">   554</span>	Shawn Ledbetter &lt;sledbetter@google.com&gt;
<span id="L555" class="ln">   555</span>	Shawn Smith &lt;shawn.p.smith@gmail.com&gt;
<span id="L556" class="ln">   556</span>	Shenghou Ma &lt;minux@golang.org&gt; &lt;minux.ma@gmail.com&gt;
<span id="L557" class="ln">   557</span>	Shivakumar GN &lt;shivakumar.gn@gmail.com&gt;
<span id="L558" class="ln">   558</span>	Simon Whitehead &lt;chemnova@gmail.com&gt;
<span id="L559" class="ln">   559</span>	Sokolov Yura &lt;funny.falcon@gmail.com&gt;
<span id="L560" class="ln">   560</span>	Spring Mc &lt;heresy.mc@gmail.com&gt;
<span id="L561" class="ln">   561</span>	StalkR &lt;stalkr@stalkr.net&gt;
<span id="L562" class="ln">   562</span>	Stefan Nilsson &lt;snilsson@nada.kth.se&gt; &lt;trolleriprofessorn@gmail.com&gt;
<span id="L563" class="ln">   563</span>	Stéphane Travostino &lt;stephane.travostino@gmail.com&gt;
<span id="L564" class="ln">   564</span>	Stephen Ma &lt;stephenm@golang.org&gt;
<span id="L565" class="ln">   565</span>	Stephen McQuay &lt;stephen@mcquay.me&gt;
<span id="L566" class="ln">   566</span>	Stephen Weinberg &lt;stephen@q5comm.com&gt;
<span id="L567" class="ln">   567</span>	Steve McCoy &lt;mccoyst@gmail.com&gt;
<span id="L568" class="ln">   568</span>	Steven Elliot Harris &lt;seharris@gmail.com&gt;
<span id="L569" class="ln">   569</span>	Steven Hartland &lt;steven.hartland@multiplay.co.uk&gt;
<span id="L570" class="ln">   570</span>	Sugu Sougoumarane &lt;ssougou@gmail.com&gt;
<span id="L571" class="ln">   571</span>	Sven Almgren &lt;sven@tras.se&gt;
<span id="L572" class="ln">   572</span>	Szabolcs Nagy &lt;nsz@port70.net&gt;
<span id="L573" class="ln">   573</span>	Tad Glines &lt;tad.glines@gmail.com&gt;
<span id="L574" class="ln">   574</span>	Taj Khattra &lt;taj.khattra@gmail.com&gt;
<span id="L575" class="ln">   575</span>	Tarmigan Casebolt &lt;tarmigan@gmail.com&gt;
<span id="L576" class="ln">   576</span>	Taru Karttunen &lt;taruti@taruti.net&gt;
<span id="L577" class="ln">   577</span>	Tetsuo Kiso &lt;tetsuokiso9@gmail.com&gt;
<span id="L578" class="ln">   578</span>	Thiago Fransosi Farina &lt;thiago.farina@gmail.com&gt; &lt;tfarina@chromium.org&gt;
<span id="L579" class="ln">   579</span>	Thomas Alan Copeland &lt;talan.copeland@gmail.com&gt;
<span id="L580" class="ln">   580</span>	Thomas Habets &lt;habets@google.com&gt;
<span id="L581" class="ln">   581</span>	Thomas Kappler &lt;tkappler@gmail.com&gt;
<span id="L582" class="ln">   582</span>	Timo Savola &lt;timo.savola@gmail.com&gt;
<span id="L583" class="ln">   583</span>	Timo Truyts &lt;alkaloid.btx@gmail.com&gt;
<span id="L584" class="ln">   584</span>	Tobias Columbus &lt;tobias.columbus@gmail.com&gt; &lt;tobias.columbus@googlemail.com&gt;
<span id="L585" class="ln">   585</span>	Todd Wang &lt;toddwang@gmail.com&gt;
<span id="L586" class="ln">   586</span>	Tom Linford &lt;tomlinford@gmail.com&gt;
<span id="L587" class="ln">   587</span>	Tom Szymanski &lt;tgs@google.com&gt;
<span id="L588" class="ln">   588</span>	Tor Andersson &lt;tor.andersson@gmail.com&gt;
<span id="L589" class="ln">   589</span>	Travis Cline &lt;travis.cline@gmail.com&gt;
<span id="L590" class="ln">   590</span>	Trevor Strohman &lt;trevor.strohman@gmail.com&gt;
<span id="L591" class="ln">   591</span>	Tudor Golubenco &lt;tudor.g@gmail.com&gt;
<span id="L592" class="ln">   592</span>	Tw &lt;tw19881113@gmail.com&gt;
<span id="L593" class="ln">   593</span>	Tyler Bunnell &lt;tylerbunnell@gmail.com&gt;
<span id="L594" class="ln">   594</span>	Ugorji Nwoke &lt;ugorji@gmail.com&gt;
<span id="L595" class="ln">   595</span>	Ulf Holm Nielsen &lt;doktor@dyregod.dk&gt;
<span id="L596" class="ln">   596</span>	Uriel Mangado &lt;uriel@berlinblue.org&gt;
<span id="L597" class="ln">   597</span>	Vadim Vygonets &lt;unixdj@gmail.com&gt;
<span id="L598" class="ln">   598</span>	Vega Garcia Luis Alfonso &lt;vegacom@gmail.com&gt;
<span id="L599" class="ln">   599</span>	Vincent Ambo &lt;tazjin@googlemail.com&gt;
<span id="L600" class="ln">   600</span>	Vincent Vanackere &lt;vincent.vanackere@gmail.com&gt;
<span id="L601" class="ln">   601</span>	Vinu Rajashekhar &lt;vinutheraj@gmail.com&gt;
<span id="L602" class="ln">   602</span>	Vish Subramanian &lt;vish@google.com&gt;
<span id="L603" class="ln">   603</span>	Vladimir Nikishenko &lt;vova616@gmail.com&gt;
<span id="L604" class="ln">   604</span>	Volker Dobler &lt;dr.volker.dobler@gmail.com&gt;
<span id="L605" class="ln">   605</span>	Wei Guangjing &lt;vcc.163@gmail.com&gt;
<span id="L606" class="ln">   606</span>	Will Norris &lt;willnorris@google.com&gt;
<span id="L607" class="ln">   607</span>	Willem van der Schyff &lt;willemvds@gmail.com&gt;
<span id="L608" class="ln">   608</span>	William Chan &lt;willchan@chromium.org&gt;
<span id="L609" class="ln">   609</span>	William Josephson &lt;wjosephson@gmail.com&gt;
<span id="L610" class="ln">   610</span>	William Orr &lt;will@worrbase.com&gt; &lt;ay1244@gmail.com&gt;
<span id="L611" class="ln">   611</span>	Xia Bin &lt;snyh@snyh.org&gt;
<span id="L612" class="ln">   612</span>	Xing Xing &lt;mikespook@gmail.com&gt;
<span id="L613" class="ln">   613</span>	Yan Zou &lt;yzou@google.com&gt;
<span id="L614" class="ln">   614</span>	Yasuhiro Matsumoto &lt;mattn.jp@gmail.com&gt;
<span id="L615" class="ln">   615</span>	Yissakhar Z. Beck &lt;yissakhar.beck@gmail.com&gt;
<span id="L616" class="ln">   616</span>	Yongjian Xu &lt;i3dmaster@gmail.com&gt;
<span id="L617" class="ln">   617</span>	Yoshiyuki Kanno &lt;nekotaroh@gmail.com&gt; &lt;yoshiyuki.kanno@stoic.co.jp&gt;
<span id="L618" class="ln">   618</span>	Yusuke Kagiwada &lt;block.rxckin.beats@gmail.com&gt;
<span id="L619" class="ln">   619</span>	Yuusei Kuwana &lt;kuwana@kumama.org&gt;
<span id="L620" class="ln">   620</span>	Yuval Pavel Zholkover &lt;paulzhol@gmail.com&gt;
<span id="L621" class="ln">   621</span>	Yves Junqueira &lt;yves.junqueira@gmail.com&gt;
<span id="L622" class="ln">   622</span>	Ziad Hatahet &lt;hatahet@gmail.com&gt;
<span id="L623" class="ln">   623</span>	Zorion Arrizabalaga &lt;zorionk@gmail.com&gt;
<span id="L624" class="ln">   624</span>	申习之 &lt;bronze1man@gmail.com&gt;
</pre><p><a href="/CONTRIBUTORS?m=text">View as plain text</a></p>

<div id="footer">
Build version go1.4.<br>
Except as <a href="https://developers.google.com/site-policies#restrictions">noted</a>,
the content of this page is licensed under the
Creative Commons Attribution 3.0 License,
and code is licensed under a <a href="/LICENSE">BSD license</a>.<br>
<a href="/doc/tos.html">Terms of Service</a> | 
<a href="http://www.google.com/intl/en/policies/privacy/">Privacy Policy</a>
</div>

</div><!-- .container -->
</div><!-- #page -->

<!-- TODO(adonovan): load these from <head> using "defer" attribute? -->
<script type="text/javascript" src="https://ajax.googleapis.com/ajax/libs/jquery/1.8.2/jquery.min.js"></script>
<script type="text/javascript" src="/lib/godoc/jquery.treeview.js"></script>
<script type="text/javascript" src="/lib/godoc/jquery.treeview.edit.js"></script>


<script type="text/javascript" src="/lib/godoc/playground.js"></script>

<script type="text/javascript" src="/lib/godoc/godocs.js"></script>

<script type="text/javascript">
(function() {
  var ga = document.createElement("script"); ga.type = "text/javascript"; ga.async = true;
  ga.src = ("https:" == document.location.protocol ? "https://ssl" : "http://www") + ".google-analytics.com/ga.js";
  var s = document.getElementsByTagName("script")[0]; s.parentNode.insertBefore(ga, s);
})();
</script>
</body>
</html>

